,WellIndex,Por,LogPerm,AI,Brittle,TOC,VR,Production
0,1,15.91,1.67,,14.05,1.36,1.85,177.381958
1,2,15.34,,2.6,31.88,1.37,1.79,1479.767778
2,3,20.45,2.02,3.13,63.67,1.79,2.53,4421.221583
3,4,11.95,1.14,,58.81,0.4,2.03,1488.317629
4,5,19.53,,2.57,,,2.11,5261.094919
5,6,19.47,,2.73,54.37,1.42,2.12,5497.005506
6,7,12.7,1.3,3.7,43.03,,1.95,1784.266285
7,8,14.15,,,,,1.54,1943.639213
8,9,16.18,,3.45,,0.56,1.95,3176.523611
9,10,20.51,2.48,2.78,28.99,1.78,2.24,2522.792318
10,11,12.25,,3.64,,0.81,2.44,1215.676438
11,12,11.59,,3.33,,0.24,1.91,1364.885428
12,13,18.18,2.02,2.85,24.81,1.17,,1100.000817
13,14,12.1,1.42,4.1,,0.09,2.12,1166.029442
14,15,14.68,1.47,2.21,46.02,1.27,1.67,2717.328863
15,16,9.23,,2.85,69.48,,,511.6087695
16,17,14.0,,3.83,57.35,1.12,2.32,2249.128389
17,18,10.24,0.88,2.96,,0.43,,555.8489343
18,19,15.74,,2.78,,1.49,2.25,2630.724009
19,20,13.29,,3.04,93.47,0.3,1.94,28.42357329
20,21,16.57,,2.52,32.16,1.43,,1822.997389
21,22,17.05,1.69,3.64,,,2.34,3907.976463
22,23,15.97,1.37,,,0.9,1.81,1350.341147
23,24,16.37,1.34,2.67,48.01,1.28,,3545.451691
24,25,10.52,1.07,,,,2.18,1092.833803
25,26,10.84,0.58,2.64,44.3,0.41,,1386.661653
26,27,,1.17,3.87,,0.71,2.39,1750.080154
27,28,11.54,,4.47,37.78,0.67,2.51,1213.281884
28,29,13.92,1.45,3.54,55.46,0.62,1.89,2252.847709
29,30,17.02,1.92,3.08,41.88,,2.06,3426.72069
30,31,16.33,1.5,1.85,26.94,1.44,1.18,1072.505415
31,32,16.55,1.63,,,0.88,1.68,3597.238553
32,33,15.39,1.47,3.27,,0.84,,2365.930235
33,34,13.64,1.38,3.01,,0.86,2.12,2350.805045
34,35,12.77,1.62,2.77,,1.73,2.01,617.0719968
35,36,16.75,1.81,2.99,52.38,0.66,1.77,3613.273523
36,37,13.13,,3.76,,0.67,2.18,928.2848776
37,38,20.67,1.95,3.16,46.83,2.44,2.82,7141.265029
38,39,20.11,,2.83,,,2.1,2062.783229
39,40,9.7,1.13,3.32,,,1.98,1261.443836
40,41,13.48,1.48,2.9,55.11,0.61,1.82,2135.69704
41,42,17.47,,2.84,49.93,2.13,2.3,4482.698752
42,43,14.21,,3.74,68.15,,2.34,1195.5227
43,44,11.68,0.96,,,0.64,2.09,1584.915142
44,45,18.12,1.57,2.92,59.13,1.35,2.24,3841.64321
45,46,15.88,,,57.2,0.68,,2862.10162
46,47,13.84,,3.07,38.37,,2.22,1829.05814
47,48,15.1,1.46,3.32,84.17,0.97,2.22,203.1434107
48,49,,1.06,3.28,52.06,0.95,1.97,2435.143521
49,50,14.39,,3.04,,1.45,1.99,679.3660304
50,51,21.0,1.94,2.32,58.72,,1.84,5870.549942
51,52,,1.31,,54.5,0.93,,3064.860477
52,53,10.66,,3.68,,1.38,,753.2658793
53,54,15.53,,1.92,,1.1,,2915.495228
54,55,13.49,,2.56,52.76,1.42,2.01,2355.165207
55,56,11.8,1.16,3.43,,0.25,,23.27379484
56,57,10.1,0.36,3.6,38.75,0.08,1.89,977.1241751
57,58,,1.12,2.96,43.09,0.71,1.9,1862.412859
58,59,15.94,1.26,2.65,31.6,,2.02,1602.512677
59,60,18.79,1.88,3.35,36.03,1.73,2.24,3394.83831
60,61,14.8,1.57,3.93,57.05,0.31,,2396.736054
61,62,12.38,0.79,3.96,78.95,0.19,2.27,271.5543005
62,63,10.27,0.79,3.33,,,2.25,1414.64051
63,64,14.22,0.99,2.66,29.89,1.16,2.02,1024.964113
64,65,14.76,1.09,3.07,,,1.81,2620.978391
65,66,12.77,,3.75,55.11,,2.36,1876.074031
66,67,12.94,1.32,3.94,57.12,0.39,,1830.195003
67,68,,1.66,,36.25,2.15,,3022.514331
68,69,13.66,0.64,3.2,61.53,0.6,2.12,1672.257011
69,70,12.87,0.89,2.72,52.21,,1.81,2024.243018
70,71,14.6,,3.29,,0.8,2.24,2516.231896
71,72,15.64,1.26,3.25,51.26,0.98,2.3,3135.019039
72,73,14.92,1.83,,49.06,,1.78,2887.052155
73,74,16.39,1.25,2.59,,1.75,2.3,3555.742737
74,75,14.09,1.15,2.95,45.1,,,2373.247992
75,76,,,2.72,65.56,0.8,1.84,1337.161679
76,77,13.41,1.68,3.25,61.06,0.49,1.77,1692.362778
77,78,17.18,1.36,2.95,60.23,1.89,,3303.177594
78,79,13.49,0.85,2.57,38.37,1.24,2.06,1711.01725
79,80,18.49,1.68,2.93,30.18,1.13,2.07,1973.661172
80,81,,1.17,2.92,,,1.97,2045.667047
81,82,,,2.36,30.58,,,2932.566097
82,83,,1.64,3.24,58.07,,2.22,2922.134713
83,84,16.69,,3.09,64.31,,2.17,2339.460352
84,85,20.25,2.47,2.51,34.93,1.04,1.67,3760.126283
85,86,18.8,2.31,2.57,51.96,1.63,2.09,5293.169249
86,87,20.23,,2.17,60.08,1.81,2.16,5164.078629
87,88,16.8,1.49,2.94,33.29,1.38,2.15,2030.685607
88,89,16.59,1.54,2.56,33.49,,,1977.577029
89,90,16.34,,3.1,,1.01,1.95,3510.127171
90,91,17.41,1.28,2.9,20.37,1.43,2.12,562.7536605
91,92,,,3.04,51.72,0.79,2.08,3820.902194
92,93,14.17,1.62,2.33,,0.94,2.0,489.2412341
93,94,10.88,0.98,,67.99,0.6,2.01,735.2219765
94,95,13.92,,2.48,32.28,0.8,1.53,1179.765544
95,96,13.45,,3.37,77.02,0.46,,418.7773612
96,97,,1.97,2.43,,1.65,1.67,3903.963034
97,98,16.53,,,,1.12,1.95,3254.612211
98,99,12.26,,2.76,69.9,0.37,1.78,739.7280834
99,100,12.85,1.11,4.5,69.82,0.2,2.54,811.3686826
100,101,,2.1,2.82,40.04,1.72,2.27,3969.947752
101,102,16.79,1.92,3.36,59.23,0.93,2.24,3100.979317
102,103,9.87,1.17,3.41,75.55,,2.08,296.5137108
103,104,12.07,0.65,3.83,50.43,0.24,1.93,1761.793957
104,105,13.87,1.53,2.76,59.46,0.3,1.59,1911.348967
105,106,18.33,2.19,3.16,42.78,0.86,1.82,4176.786718
106,107,13.37,1.07,3.61,39.07,0.96,2.1,1722.206916
107,108,,1.33,2.54,43.76,,1.22,2128.845154
108,109,14.6,,2.21,,0.96,1.73,873.473856
109,110,9.2,,2.91,47.79,,,1165.558805
110,111,10.71,,2.86,46.15,,,1464.571466
111,112,,1.42,2.62,76.03,1.15,,774.582415
112,113,23.85,2.57,1.21,,,1.34,2.71353485
113,114,,,2.74,61.75,1.41,2.14,3188.882991
114,115,19.98,2.14,3.09,46.55,1.84,2.37,6215.259287
115,116,19.39,1.76,2.73,36.73,1.44,2.1,3770.340881
116,117,19.38,,2.18,,,2.0,5726.952322
117,118,11.86,,4.13,65.22,,,1021.84392
118,119,16.99,1.56,3.06,,0.86,,1510.613559
119,120,14.83,1.68,2.78,42.27,0.82,1.8,2447.385065
120,121,13.73,1.01,4.37,86.28,0.52,,113.6731695
121,122,18.26,,,31.53,1.04,,2124.206372
122,123,,1.52,,57.97,1.6,2.17,2937.416162
123,124,11.99,1.23,3.86,29.76,0.33,2.01,699.0347214
124,125,14.52,1.29,3.39,34.97,1.17,,1623.177748
125,126,,1.11,3.39,58.45,0.37,,1389.166744
126,127,11.93,1.22,2.7,34.35,0.63,1.44,1031.528536
127,128,16.41,,2.75,,1.14,1.8,3541.343025
128,129,14.76,1.07,3.38,49.63,,1.89,2710.215938
129,130,14.18,1.64,3.79,55.69,0.98,,2399.872701
130,131,13.64,,3.4,37.02,0.77,,1598.53106
131,132,12.73,,2.36,55.95,,1.74,1947.91304
132,133,10.25,1.4,3.59,,0.39,,1390.007239
133,134,13.25,1.57,3.46,,0.8,1.98,1249.05983
134,135,20.54,2.06,2.8,47.15,1.71,2.18,6704.042101
135,136,11.47,1.14,3.35,69.35,0.64,1.97,717.1732553
136,137,12.16,0.76,4.22,,1.38,2.82,1849.433674
137,138,18.16,,2.74,,,1.95,3166.875607
138,139,9.2,0.85,3.65,,-0.25,,775.5167498
139,140,8.73,0.61,3.4,,-0.06,,1033.239493
140,141,13.5,1.44,3.48,47.55,,1.98,2242.55319
141,142,15.7,,2.59,72.9,1.08,1.83,976.1567657
142,143,16.0,,2.93,36.56,0.75,,2166.210818
143,144,20.18,1.98,2.48,,1.29,,2529.45737
144,145,9.24,0.72,2.63,,,1.43,1192.60491
145,146,15.02,1.94,3.58,42.68,0.83,2.13,2570.867294
146,147,12.58,0.97,3.33,66.0,,1.66,1052.009316
147,148,9.81,0.26,3.59,79.18,,2.59,187.5932287
148,149,9.97,1.04,,54.66,,1.78,1255.203934
149,150,16.35,1.39,3.25,,1.24,2.37,3561.992347
150,151,15.7,1.56,,66.75,1.03,1.68,1692.298469
151,152,17.06,,2.92,,1.32,2.08,2457.93636
152,153,14.2,,3.92,51.71,0.83,2.41,2514.658931
153,154,15.87,1.43,2.72,59.24,1.27,,2748.229444
154,155,6.48,0.39,3.68,81.87,-0.14,1.87,75.21518841
155,156,14.24,1.51,3.47,43.31,0.71,2.21,2299.227895
156,157,13.31,1.17,2.53,,,,1089.161058
157,158,17.2,1.87,2.75,,,,3749.779943
158,159,10.51,1.27,3.48,74.89,0.28,1.92,349.2156477
159,160,17.96,1.82,2.4,44.88,,2.15,4417.313562
160,161,19.86,,2.14,77.04,0.4,,1057.261254
161,162,,0.88,2.59,36.2,1.65,2.14,1901.478612
162,163,17.65,2.06,,62.7,,2.02,3060.551966
163,164,17.73,1.62,2.54,40.61,1.79,,3711.825183
164,165,19.16,1.87,1.76,35.96,,1.51,3514.686822
165,166,17.49,1.66,2.78,52.07,1.42,2.15,4235.93405
166,167,16.18,,2.65,35.03,1.04,1.61,2075.186478
167,168,9.79,0.91,3.24,50.67,0.55,1.92,1309.706537
168,169,,,2.37,61.85,,1.94,2077.485573
169,170,22.14,2.37,2.21,37.26,1.88,2.16,6047.418084
170,171,14.76,,2.35,50.28,1.51,1.92,2877.826882
171,172,,1.19,2.12,84.58,1.94,,240.4175328
172,173,14.6,1.17,1.87,42.98,1.28,1.51,2469.385807
173,174,17.52,1.35,3.28,40.74,,2.29,3453.41305
174,175,17.92,1.94,2.81,39.43,,,3627.386253
175,176,12.54,,3.93,54.03,,,1841.531373
176,177,15.52,1.01,3.71,70.25,0.94,2.46,1199.92321
177,178,12.89,,3.21,56.19,,2.11,1942.217302
178,179,13.86,1.25,2.16,,,1.92,1670.35701
179,180,16.9,1.88,3.19,53.89,1.24,2.23,3776.938
180,181,14.18,1.18,3.27,,,2.14,656.7312917
181,182,11.62,,3.56,51.21,0.33,,1687.082897
182,183,14.27,1.7,2.58,,0.81,1.57,2540.090807
183,184,15.67,1.32,3.17,53.23,,1.92,3062.554203
184,185,18.36,1.75,2.18,41.26,,1.97,4199.645598
185,186,15.63,1.48,3.42,38.13,1.13,2.04,2316.175338
186,187,15.47,1.67,2.35,74.76,0.94,1.74,763.5762415
187,188,8.8,0.95,3.67,,0.36,2.28,44.86173807
188,189,16.35,,3.2,,0.84,,3258.499533
189,190,17.4,1.65,1.88,27.97,0.46,0.9,1301.371449
190,191,,1.7,2.61,,,1.91,2512.142529
191,192,15.94,,2.14,42.74,0.63,1.03,2871.031676
192,193,10.04,0.74,3.17,74.96,0.98,2.09,335.5072968
193,194,11.78,1.21,3.3,36.6,0.75,2.01,1182.1746
194,195,14.57,,3.38,58.86,0.36,1.88,2171.845022
195,196,13.53,1.16,,,0.71,1.32,1316.344579
196,197,12.22,1.36,,71.08,0.86,2.03,695.3550023
197,198,,1.31,3.2,50.36,0.04,1.63,1980.419721
198,199,14.69,1.36,2.24,,0.68,1.25,667.1649929
199,200,13.79,1.66,3.71,62.7,,2.45,1663.048306
200,201,13.71,1.2,2.71,,,1.93,2371.173406
201,202,11.61,,3.89,52.33,0.34,,1666.69035
202,203,,1.32,2.87,36.37,0.27,1.36,1431.226494
203,204,13.43,1.13,3.44,,,2.0,2266.329436
204,205,11.38,1.16,2.26,45.25,0.45,1.48,1561.547308
205,206,16.65,1.74,2.74,47.34,1.14,1.77,3670.540401
206,207,15.82,1.22,1.81,48.74,0.87,1.29,3190.473373
207,208,,1.84,2.73,49.56,1.38,2.24,5385.471703
208,209,13.37,0.92,2.69,42.26,1.02,,1970.96811
209,210,11.88,0.89,3.05,,,1.54,1584.40259
210,211,10.29,1.05,3.6,41.11,-0.23,1.6,1114.521963
211,212,12.57,1.31,3.64,48.9,0.9,1.99,2014.695492
212,213,17.06,,,27.81,2.09,,1363.090297
213,214,9.66,0.96,3.49,,0.36,,95.73161459
214,215,14.38,1.38,2.95,60.16,1.49,,2159.999174
215,216,11.44,,2.84,,1.1,2.06,1623.866681
216,217,9.78,0.57,3.72,77.4,0.16,2.31,226.8756334
217,218,14.95,1.49,2.59,,1.31,,2899.042852
218,219,9.6,0.4,3.33,,0.89,2.1,1274.832382
219,220,,,2.57,82.77,1.96,2.43,625.4011115
220,221,14.0,1.48,2.59,,0.95,1.67,2134.004514
221,222,14.27,1.63,3.11,74.31,0.65,1.98,661.2821043
222,223,16.53,1.39,2.52,28.62,,,1276.611559
223,224,17.62,1.69,2.19,,1.47,1.79,2377.95034
224,225,21.89,1.66,1.86,,1.69,2.03,6385.367076
225,226,13.34,0.83,2.56,29.32,,1.76,850.6860597
226,227,16.29,1.6,3.2,38.23,0.87,,2520.03697
227,228,13.44,,,,0.84,,107.1789675
228,229,17.21,1.41,2.05,55.24,1.88,,3965.301822
229,230,16.89,1.52,2.61,,1.63,,3746.541679
230,231,15.56,,2.78,49.86,1.26,1.89,3241.932141
231,232,17.33,1.94,2.58,69.48,,,1807.059354
232,233,17.68,2.38,3.71,,1.2,2.56,2706.939706
233,234,15.46,,2.91,52.28,1.14,2.13,3077.843796
234,235,16.64,,2.97,47.64,1.22,2.07,3686.358119
235,236,11.75,,3.48,42.64,,2.26,1573.669557
236,237,12.59,1.08,,29.74,0.42,1.68,761.6109414
237,238,14.78,1.55,3.89,,,2.51,1862.921224
238,239,13.74,1.9,3.42,61.13,0.72,2.1,1807.722558
239,240,12.24,1.25,3.44,,0.8,,1801.423645
240,241,13.22,1.35,2.28,54.15,1.23,,2187.046818
241,242,15.98,1.34,3.35,28.91,,2.31,1233.205123
242,243,14.64,,2.99,72.94,0.82,2.1,820.1150495
243,244,11.81,0.8,,,0.62,1.91,1642.41151
244,245,9.99,0.95,,,,1.8,1284.692443
245,246,15.71,1.71,,,,,2540.858746
246,247,15.72,1.2,2.51,38.58,1.34,1.97,2421.06191
247,248,15.76,0.98,3.32,43.93,,2.19,2830.237615
248,249,,1.51,3.07,39.89,,1.74,1884.420119
249,250,14.25,,3.15,55.66,1.09,2.23,2421.873468
250,251,6.68,0.24,3.93,,0.7,,228.4217017
251,252,13.84,1.49,3.08,52.98,,2.12,2417.34814
252,253,11.66,1.23,3.16,41.27,0.86,1.84,1484.675726
253,254,10.41,0.94,2.74,40.45,,1.28,1135.753353
254,255,12.77,0.85,3.64,,0.73,,1983.040131
255,256,18.84,,3.28,61.24,1.51,2.37,4000.196995
256,257,12.56,1.5,3.67,44.06,,,1871.857486
257,258,18.12,,2.92,69.68,1.32,2.19,1919.339826
258,259,13.24,1.24,3.09,30.13,,2.1,948.0475721
259,260,10.3,0.5,,15.61,0.48,,92.92396953
260,261,12.35,,2.8,35.57,0.28,1.69,1151.302877
261,262,15.32,,2.14,41.65,1.06,1.42,2581.338011
262,263,18.59,1.98,1.91,56.49,,1.57,4428.59736
263,264,16.02,1.18,2.41,46.45,0.98,1.75,3220.398936
264,265,21.74,1.89,2.71,52.49,2.71,,8554.267033
265,266,14.73,1.37,3.32,39.74,,1.89,2128.352601
266,267,17.24,,1.94,60.78,0.52,1.18,2990.910033
267,268,11.41,,3.68,46.48,,,1665.094059
268,269,16.25,1.49,2.84,35.52,0.96,1.76,2137.623337
269,270,11.47,1.23,3.74,67.19,,2.3,885.3588434
270,271,12.68,,3.52,,0.64,,1386.08845
271,272,15.07,,3.27,,,2.47,2886.853973
272,273,15.22,1.4,,55.21,,1.94,2794.562575
273,274,10.92,,3.48,59.51,0.52,1.84,1254.610117
274,275,,1.2,2.2,22.34,,1.37,717.0724475
275,276,9.93,0.88,3.39,,0.0,,1232.207107
276,277,,1.3,2.78,55.54,1.08,2.26,1896.812571
277,278,5.4,,4.45,,,,216.6025466
278,279,,,2.59,46.97,1.51,,4069.598107
279,280,21.57,2.52,3.21,,1.4,2.08,3389.884727
280,281,10.63,,3.14,20.64,-0.09,1.28,200.0112283
281,282,14.9,,2.26,,1.07,1.65,1917.240836
282,283,12.14,1.13,4.7,,0.68,2.66,1334.19131
283,284,,,,53.52,0.77,1.59,3060.43377
284,285,14.2,1.58,3.16,68.35,0.47,1.94,1155.445208
285,286,15.43,,2.08,,0.95,,2922.31426
286,287,,1.16,4.09,,-0.13,,838.5846772
287,288,9.74,1.0,4.09,,-0.21,2.01,435.6692543
288,289,19.22,1.48,2.72,51.81,,2.2,5514.4537
289,290,17.22,1.98,1.61,,1.54,,1790.510739
290,291,11.35,1.33,3.13,49.24,0.44,1.88,1641.150852
291,292,15.46,1.73,,57.4,,,2708.867883
292,293,14.21,1.54,2.64,,1.08,1.9,1180.067784
293,294,17.78,1.53,2.48,,,,4255.810191
294,295,11.55,1.33,,53.7,1.03,,1710.903836
295,296,17.27,,3.05,,1.26,2.15,3435.245984
296,297,11.31,0.58,3.75,42.39,1.03,2.43,1462.620038
297,298,16.36,1.68,3.47,,1.33,2.63,2376.807968
298,299,18.51,,,,1.48,1.64,4877.945092
299,300,12.91,1.21,2.75,66.05,1.29,2.01,1208.416645
300,301,17.29,1.96,2.85,,1.39,1.96,3988.667404
301,302,15.88,1.35,2.87,64.63,,2.31,2075.829714
302,303,,,3.08,36.59,,2.31,2516.667008
303,304,14.08,1.24,3.44,49.67,,1.6,2414.365099
304,305,16.25,1.77,3.73,56.55,0.94,2.23,3150.207691
305,306,14.5,1.25,2.74,,0.94,1.67,2643.836476
306,307,11.58,0.99,3.74,,0.89,2.6,310.6441531
307,308,16.15,,2.51,,,2.17,1986.970082
308,309,17.12,1.7,2.55,49.69,1.67,2.12,4138.096324
309,310,18.95,1.64,1.74,,,1.68,5395.870335
310,311,15.51,,3.11,,0.91,2.0,2651.050874
311,312,18.7,2.48,2.31,71.17,,2.38,1907.525216
312,313,18.0,,,23.6,,2.58,931.6569751
313,314,13.5,,3.64,,1.02,,1571.388395
314,315,17.84,,2.69,57.2,1.48,2.07,4025.243033
315,316,14.5,1.52,2.48,,0.67,,1833.785421
316,317,11.79,1.28,3.33,52.69,0.2,1.58,1692.087487
317,318,14.24,1.48,3.45,28.59,0.86,,902.2542202
318,319,14.11,1.55,3.57,62.81,,1.85,1707.514494
319,320,,1.16,2.32,46.07,,,2347.515303
320,321,14.41,1.27,2.79,34.1,1.58,,1545.288125
321,322,16.05,2.17,3.17,24.66,0.29,,751.8381761
322,323,11.83,0.87,,,0.65,,1219.730158
323,324,11.59,,3.39,26.32,,,484.8913752
324,325,15.45,,3.54,67.43,0.86,2.25,1551.234102
325,326,10.78,1.42,,,0.25,,463.4529962
326,327,11.9,,,,1.14,,1851.625496
327,328,12.83,0.78,3.6,67.51,1.24,,1049.501723
328,329,16.87,1.49,2.62,52.99,1.04,1.89,3714.094273
329,330,16.49,1.47,2.39,53.66,1.8,2.16,3677.500662
330,331,17.4,,2.69,42.81,1.38,2.32,3791.765964
331,332,,1.15,3.89,57.7,,1.95,1393.560622
332,333,,1.76,3.1,55.76,0.91,2.06,4476.516378
333,334,15.11,1.28,3.4,,0.56,2.06,2637.446124
334,335,10.33,,4.15,,0.12,1.87,1169.387201
335,336,15.58,,3.07,,,2.03,2831.764298
336,337,14.86,1.41,2.54,,,1.95,2640.726139
337,338,15.93,,2.03,53.25,,1.91,3366.79641
338,339,13.86,0.91,3.14,,,2.48,991.4108157
339,340,21.01,2.12,3.05,,1.94,2.08,331.1917235
340,341,15.56,1.17,2.58,43.94,1.36,,2931.622468
341,342,,,3.07,30.53,,2.48,1602.810318
342,343,14.46,1.71,2.82,53.33,0.98,2.02,2626.880655
343,344,15.9,1.36,2.99,24.26,0.48,1.64,695.2904395
344,345,11.78,1.1,,65.95,0.57,,981.2025504
345,346,21.24,1.79,1.69,36.05,1.86,1.83,4852.336353
346,347,15.35,1.01,2.14,71.78,,,1055.789933
347,348,13.1,1.23,3.35,45.16,0.39,,1989.676816
348,349,18.71,,2.72,42.3,1.5,,4541.778397
349,350,9.7,0.76,2.92,49.44,0.45,,1277.574598
350,351,8.68,0.81,3.28,55.4,0.0,1.58,1002.715061
351,352,13.54,0.74,3.2,51.43,,1.96,2232.638859
352,353,17.4,1.46,2.58,51.6,1.51,2.25,4200.647903
353,354,12.85,1.14,,,1.29,2.18,1920.147295
354,355,17.16,1.45,2.3,49.83,1.31,,4025.599043
355,356,11.63,1.01,3.14,49.04,0.64,2.1,1717.698564
356,357,12.31,,3.05,35.0,0.82,1.89,1150.935217
357,358,,1.32,3.41,40.79,,,2347.126512
358,359,15.99,1.03,3.72,50.02,1.1,2.46,3314.886306
359,360,18.07,,3.19,56.56,1.22,2.29,4202.396801
360,361,11.51,1.33,,62.76,0.14,,1135.712826
361,362,,1.13,3.2,,,2.12,2863.759723
362,363,14.89,1.38,2.93,38.66,,2.11,2209.578311
363,364,15.05,1.33,2.33,49.8,,1.37,2807.468756
364,365,18.52,,2.37,,,,2522.042149
365,366,15.82,,1.96,,1.14,1.74,3086.993618
366,367,16.7,1.53,2.99,,,2.41,2600.797833
367,368,14.9,1.55,2.86,70.09,1.22,1.97,1154.550316
368,369,13.55,,2.84,,0.26,,1412.738363
369,370,9.7,,3.33,,0.9,,185.5056428
370,371,12.64,1.15,,17.37,1.06,2.02,180.3642312
371,372,19.32,2.26,1.75,,,1.82,2892.803365
372,373,,1.26,3.44,69.53,1.11,,863.8668593
373,374,,1.69,2.19,65.64,1.75,2.15,2515.090119
374,375,,1.13,3.38,,0.44,1.82,1026.954753
375,376,16.11,,3.18,38.25,1.44,2.26,2532.570553
376,377,20.06,,,48.17,1.2,,6086.016575
377,378,16.53,1.45,,51.47,0.96,1.89,3570.013009
378,379,13.36,,2.28,41.64,0.61,,1864.614968
379,380,,1.16,3.52,33.62,1.0,2.17,1581.662627
380,381,17.78,1.77,2.02,40.36,2.08,1.71,3794.042248
381,382,20.73,,3.04,71.68,1.15,2.18,2297.209744
382,383,18.93,1.88,3.01,,1.32,,3702.403565
383,384,13.45,1.31,1.74,79.53,1.22,1.82,319.3486444
384,385,15.98,2.05,3.7,47.41,0.63,2.02,3246.648912
385,386,19.84,2.03,3.38,,1.49,2.29,2587.554653
386,387,14.61,1.2,2.77,34.97,0.62,,1579.321127
387,388,18.61,,2.02,55.2,1.75,1.96,4853.699105
388,389,13.66,1.15,3.18,,0.66,1.7,2271.081018
389,390,12.94,1.35,3.06,56.18,0.8,1.92,1940.197811
390,391,15.43,,,59.2,0.52,,2489.530092
391,392,14.73,1.18,3.13,38.56,1.44,,2113.557542
392,393,19.35,1.62,2.11,18.59,,1.74,604.5408267
393,394,18.04,1.99,2.65,36.92,1.8,2.43,3244.821811
394,395,16.11,1.44,,42.23,0.72,1.31,2895.323929
395,396,10.92,1.43,3.39,,0.5,1.81,399.9687918
396,397,18.32,,2.6,17.8,1.63,,460.0337542
397,398,18.25,1.62,3.02,23.09,1.39,2.02,908.0323404
398,399,,1.69,3.64,60.33,0.92,,1967.566757
399,400,16.54,1.56,3.73,57.99,,2.55,3171.430189
400,401,16.97,,2.44,53.38,,2.17,3839.251307
401,402,15.54,1.76,2.27,51.9,1.47,1.92,3233.854847
402,403,15.72,1.24,3.13,56.95,0.93,2.25,2841.218122
403,404,12.04,0.87,3.05,63.83,,,1187.663511
404,405,12.49,,3.3,42.89,0.56,,1721.07242
405,406,12.03,0.82,2.96,75.84,,2.31,405.2857224
406,407,18.05,,2.57,53.36,1.17,2.04,4475.020243
407,408,13.57,1.08,3.31,,0.29,,1907.811551
408,409,20.78,2.31,2.52,,,1.98,6679.678087
409,410,15.49,1.66,3.09,,,,2987.360229
410,411,15.58,,,69.18,,2.15,1357.955626
411,412,8.77,0.87,2.92,,0.09,1.55,1059.175133
412,413,12.13,,3.27,63.22,,,1199.797639
413,414,,1.68,2.99,33.64,0.82,,1431.744472
414,415,13.03,1.09,2.15,76.97,0.56,1.63,397.3768297
415,416,20.51,,2.4,51.68,1.01,1.58,6506.601998
416,417,17.01,1.25,,31.26,1.05,2.08,1724.181056
417,418,15.43,1.23,1.8,,,,1332.426639
418,419,16.85,1.2,2.73,,1.41,,3076.942099
419,420,16.98,1.21,2.56,39.26,1.47,1.97,3026.137273
420,421,13.46,,2.84,47.74,0.66,,2254.69144
421,422,13.72,1.1,3.19,41.6,,1.6,1945.517294
422,423,13.46,,3.51,34.31,0.8,1.81,1298.713721
423,424,16.4,1.39,2.52,,1.32,1.82,2616.210571
424,425,17.96,1.56,3.17,,1.51,2.55,3966.636065
425,426,16.51,1.31,,30.5,1.27,1.82,1528.360445
426,427,7.45,0.18,2.52,49.15,,1.85,933.4669777
427,428,13.36,1.27,3.13,26.97,0.77,1.75,666.0859272
428,429,14.16,1.5,2.86,35.57,0.73,1.73,1565.035799
429,430,,1.42,3.49,,0.69,,2510.49685
430,431,17.96,1.66,2.71,56.94,1.52,2.35,4126.923581
431,432,11.54,0.58,4.35,70.31,0.07,2.49,627.8431141
432,433,15.41,1.64,3.33,78.08,0.96,2.51,506.6965083
433,434,17.13,,3.04,26.11,0.9,1.73,1067.477332
434,435,19.18,,3.47,33.43,0.98,2.04,2824.576169
435,436,15.19,1.16,3.22,54.43,,,2704.065349
436,437,9.97,0.92,3.05,,0.06,1.44,1296.277576
437,438,17.2,,3.21,-1.5,1.93,2.21,9.854246707
438,439,14.71,1.31,,,1.76,2.18,2819.957257
439,440,13.8,,3.7,47.23,0.47,,2281.608168
440,441,13.67,,3.09,80.77,,,277.31906
441,442,12.52,,,54.23,0.48,,1848.658832
442,443,17.39,,,56.25,1.69,1.93,3891.443389
443,444,17.91,1.73,1.73,60.67,1.85,,3618.604843
444,445,12.07,,3.25,29.95,,1.95,747.3455333
445,446,14.54,1.48,3.56,,0.61,1.89,1855.574687
446,447,11.47,,2.5,62.05,0.9,,1235.473469
447,448,16.42,1.51,2.33,45.27,1.37,1.71,3463.458998
448,449,14.63,1.14,3.75,52.11,1.01,2.47,2694.78052
449,450,17.24,1.85,2.47,,,1.45,3789.443633
450,451,17.65,1.78,3.8,53.36,0.8,2.39,4095.363707
451,452,18.35,1.84,3.27,44.77,,2.46,4528.883757
452,453,11.43,0.96,2.8,47.43,,,1596.210651
453,454,7.81,0.83,3.83,71.55,0.07,2.26,329.3373766
454,455,,1.09,3.71,53.32,0.71,,1332.917918
455,456,13.23,,2.89,81.81,0.71,1.85,214.2968986
456,457,16.8,1.22,2.51,52.01,1.04,1.98,3692.108968
457,458,15.55,1.62,3.26,,1.86,,3291.478442
458,459,16.56,,3.67,22.73,1.04,1.91,666.4281587
459,460,16.02,1.36,2.44,42.28,,,2930.268924
460,461,17.16,,3.13,,1.56,,1379.264129
461,462,10.69,1.2,3.21,42.76,0.32,1.72,1311.675303
462,463,14.6,1.31,3.16,33.77,0.72,2.0,1460.053613
463,464,17.78,1.9,2.75,37.07,1.38,,3056.975275
464,465,16.42,,3.21,40.28,,2.16,2915.120768
465,466,16.5,,2.91,49.27,0.59,1.61,3519.609291
466,467,18.69,1.8,2.85,32.73,1.77,2.04,2646.535073
467,468,16.77,1.25,3.2,,1.08,,3632.530542
468,469,13.47,1.18,2.99,,1.19,,148.5223414
469,470,,1.69,3.02,41.52,1.01,2.09,2769.151676
470,471,14.16,1.67,3.41,55.03,0.61,2.13,2369.538579
471,472,11.32,0.84,2.67,52.78,1.18,1.92,1671.342328
472,473,21.91,2.58,,51.16,,2.03,7887.843585
473,474,17.53,,2.38,68.05,1.21,2.12,2009.943412
474,475,19.93,1.65,,29.77,,2.54,2377.710696
475,476,11.51,0.74,,66.73,0.95,,905.2237762
476,477,17.09,,2.3,23.67,0.84,1.27,798.2021671
477,478,17.17,,2.18,,1.48,1.92,432.7746903
478,479,15.45,1.66,3.4,,,2.42,2052.027604
479,480,15.57,1.7,2.7,,,1.84,2599.553932
480,481,17.08,1.42,2.51,43.09,1.67,,3661.146072
481,482,,1.93,2.72,36.45,,2.24,3542.725675
482,483,9.54,0.9,3.25,58.89,0.8,1.96,1074.157708
483,484,15.43,1.71,,37.46,1.19,,2192.585452
484,485,12.2,1.38,,,0.13,1.47,1456.153249
485,486,19.22,2.28,2.35,59.32,2.21,2.44,4841.552519
486,487,16.52,1.45,2.61,,0.9,,141.0821216
487,488,14.36,1.66,3.6,,,1.94,2077.182165
488,489,14.15,,,27.24,,1.8,765.8549669
489,490,19.49,,,45.4,0.99,1.87,5274.464144
490,491,18.37,1.61,2.25,,,1.83,2835.461394
491,492,9.57,1.02,3.44,59.36,0.53,,1041.339381
492,493,15.72,1.87,3.0,17.33,,1.82,283.9539159
493,494,13.0,1.42,3.03,,,2.01,1271.336313
494,495,17.75,1.74,,65.85,,,2479.831068
495,496,14.39,1.15,,,,2.21,800.3606115
496,497,21.15,1.82,2.27,34.28,1.8,2.13,4236.373112
497,498,,1.39,3.25,36.68,0.92,1.89,1767.765012
498,499,,1.71,3.12,44.53,,2.02,3353.632483
499,500,18.62,1.69,,48.44,,2.38,5008.841347
500,501,12.91,0.86,2.84,,,,2079.698881
501,502,12.15,1.27,3.4,63.72,,2.09,1236.646904
502,503,13.25,1.32,,58.49,0.61,,1851.618362
503,504,11.37,,3.74,42.46,0.74,2.05,1467.172126
504,505,,1.15,,,,2.28,3080.665139
505,506,18.16,2.17,2.83,89.85,,2.7,132.1736257
506,507,17.6,1.71,3.08,35.66,,,2794.926492
507,508,21.77,2.19,2.4,41.63,2.0,2.37,7112.902837
508,509,13.87,0.91,3.25,42.45,,2.42,2175.143279
509,510,18.76,2.26,2.93,49.99,,2.33,5162.742563
510,511,18.02,1.39,1.76,43.8,1.23,1.44,4141.686565
511,512,18.18,1.86,1.59,33.9,,1.27,2666.798904
512,513,10.25,0.89,4.2,88.16,,2.9,50.79013757
513,514,,2.03,0.96,58.54,1.58,1.75,4675.107684
514,515,11.03,1.0,4.27,59.3,,1.94,1246.518313
515,516,,1.64,2.34,42.84,2.12,,4845.699884
516,517,15.07,1.81,3.51,60.86,1.04,2.21,2260.664841
517,518,14.61,1.19,2.92,55.23,1.05,2.05,2561.510566
518,519,21.99,,1.87,,2.23,2.15,8549.25572
519,520,16.72,,2.05,40.65,,,3085.916928
520,521,17.48,1.64,,55.58,1.29,,3941.711898
521,522,14.24,1.06,3.5,45.14,1.03,2.31,2436.755862
522,523,10.62,0.9,4.03,41.25,-0.13,1.87,1180.994604
523,524,16.0,1.44,3.14,54.15,0.62,,3123.652135
524,525,13.0,,3.33,67.52,0.84,2.18,1054.174367
525,526,19.18,1.75,2.44,,,,5037.136541
526,527,12.82,,,64.33,1.34,2.68,1337.448657
527,528,17.39,,3.07,51.15,1.04,1.87,4112.405619
528,529,15.73,1.49,3.28,46.89,0.92,2.03,3128.180606
529,530,16.95,,2.52,,1.23,,346.6257813
530,531,18.3,1.59,2.2,43.96,,1.75,4395.55534
531,532,12.94,0.91,2.21,,1.35,1.47,253.7420032
532,533,16.72,1.57,3.07,,1.44,2.19,2806.819355
533,534,17.96,,3.53,67.18,0.85,2.27,2246.487315
534,535,14.03,1.44,3.47,45.51,,1.99,2314.039136
535,536,15.05,1.22,2.06,46.99,1.15,1.45,2865.870114
536,537,11.39,1.06,2.56,36.09,0.95,,1092.875286
537,538,13.3,1.5,3.79,,1.26,2.79,1442.756493
538,539,18.81,1.99,3.48,,1.67,2.3,3988.848523
539,540,12.59,0.57,3.22,,,2.08,1037.964085
540,541,9.78,,,,1.01,2.34,1338.347252
541,542,14.82,1.69,3.11,43.1,1.13,,2570.155907
542,543,15.6,,1.87,45.59,1.81,1.85,3184.349011
543,544,16.5,,3.33,43.94,0.9,2.01,3339.484831
544,545,14.73,1.15,,,1.3,2.52,2125.700732
545,546,15.75,,3.25,66.65,1.6,2.59,1778.995715
546,547,16.89,,,55.46,,1.96,3705.305968
547,548,13.87,1.39,3.43,47.39,1.37,,2482.941131
548,549,15.22,1.54,3.58,45.55,1.45,2.56,2951.963887
549,550,18.56,,,57.59,1.54,2.14,4419.337027
550,551,16.6,1.4,,22.24,,1.27,625.8124584
551,552,18.56,,3.06,,1.32,2.12,819.5028793
552,553,13.93,1.02,2.92,,0.64,,2290.649233
553,554,12.2,1.27,3.72,29.12,0.77,1.98,700.0350386
554,555,8.23,,3.38,72.33,,,323.6336509
555,556,17.83,,2.55,41.57,0.92,,3698.848265
556,557,17.42,,2.15,45.7,0.69,1.33,3876.36811
557,558,17.97,1.61,2.31,45.26,1.73,1.91,4447.098564
558,559,16.35,,2.9,45.79,1.86,,3597.157043
559,560,16.03,1.65,2.57,,,1.61,3203.44198
560,561,,1.64,3.0,69.27,0.61,,1968.485996
561,562,14.6,1.58,2.07,47.5,0.92,1.38,2688.855093
562,563,20.86,1.94,2.7,50.54,1.98,2.35,7261.891374
563,564,18.56,1.45,2.63,56.4,1.71,,4611.965461
564,565,11.49,0.86,,68.32,0.39,,766.1385455
565,566,14.46,,3.72,54.51,1.09,,2590.205569
566,567,18.36,,2.44,83.69,0.84,,351.0545567
567,568,13.73,1.68,3.24,42.16,1.15,,2133.386277
568,569,14.42,,2.61,72.39,1.04,,840.7470461
569,570,13.51,,,82.46,1.04,2.31,206.6912072
570,571,18.07,1.77,2.27,58.85,1.56,2.04,3938.857172
571,572,14.29,1.45,3.0,,0.78,1.87,1815.136335
572,573,10.84,1.24,3.67,45.37,0.17,,1425.068417
573,574,13.37,1.01,3.19,58.63,0.47,1.78,1837.580744
574,575,13.29,1.26,2.36,70.88,1.13,1.87,838.8995631
575,576,,1.42,2.52,56.38,0.59,1.6,1895.081285
576,577,15.02,1.85,3.3,43.92,1.05,,2705.300514
577,578,14.99,1.36,2.03,67.8,1.92,,1491.311387
578,579,14.06,1.13,1.97,61.96,,,1921.534509
579,580,9.9,0.99,3.19,61.65,0.68,1.8,988.1928083
580,581,11.29,1.22,3.49,41.69,0.56,1.84,1399.297759
581,582,16.25,1.97,2.89,,1.15,,2699.809785
582,583,18.56,1.81,1.88,44.93,,1.61,4654.684703
583,584,15.63,1.31,,,0.98,2.17,2849.575547
584,585,12.97,1.23,,54.14,,2.05,2031.157399
585,586,16.21,1.43,,39.67,0.99,1.3,2691.559109
586,587,10.26,0.78,,,0.27,,1222.748909
587,588,14.28,,2.58,47.86,1.31,1.91,2650.106862
588,589,10.97,0.97,3.55,,0.63,1.85,1407.871685
589,590,12.59,1.21,2.62,,,1.59,1920.144325
590,591,10.48,0.75,3.22,,0.33,,427.7566142
591,592,9.57,1.32,3.34,,-0.1,1.59,34.98786927
592,593,12.07,1.22,,55.39,0.36,1.5,1690.176866
593,594,17.54,1.67,,44.34,0.94,2.23,3871.397747
594,595,17.3,1.53,2.69,38.81,1.36,1.85,3105.082226
595,596,14.2,,3.36,44.54,0.9,1.76,2368.956573
596,597,11.0,1.2,2.87,39.57,,1.5,1223.284449
597,598,14.35,0.87,2.51,47.26,,1.64,2496.394226
598,599,,1.6,1.99,57.75,1.12,1.74,3634.902281
599,600,16.48,1.84,2.47,56.75,1.12,1.85,3287.275741
600,601,16.1,1.1,2.39,22.59,0.69,,588.1879327
601,602,17.6,,1.72,28.58,1.31,1.4,1519.871829
602,603,15.68,1.71,2.86,35.98,,1.79,2063.446847
603,604,16.84,,2.85,46.1,1.12,1.83,3682.683156
604,605,17.78,1.46,2.87,57.39,1.45,,3923.901275
605,606,14.06,1.23,3.18,45.74,,2.02,2401.595187
606,607,12.26,1.45,2.48,,0.98,,1531.698769
607,608,16.57,,3.2,33.51,,,1955.302845
608,609,12.16,1.02,3.77,66.9,0.27,1.92,941.7766621
609,610,10.88,1.07,3.93,41.07,0.07,1.86,1238.479252
610,611,20.3,,3.27,,1.34,,5976.74861
611,612,15.5,1.44,2.61,47.46,1.3,2.07,3124.19827
612,613,11.38,,4.13,80.25,0.4,,204.4360296
613,614,16.89,1.74,2.63,56.17,2.07,2.55,3781.929486
614,615,17.62,1.4,3.06,,1.38,1.98,2158.684907
615,616,17.83,1.39,3.01,55.1,1.15,2.13,4123.613626
616,617,17.66,1.85,2.46,59.14,,1.84,3529.91632
617,618,21.09,,2.22,26.51,1.53,1.52,2095.303996
618,619,18.94,,3.3,55.69,1.49,2.57,4926.049233
619,620,21.28,,2.32,52.59,,2.14,7658.969424
620,621,17.14,1.41,2.9,,0.91,,1342.59323
621,622,13.35,1.16,2.94,72.1,0.93,,738.8770402
622,623,19.32,1.84,2.55,,1.38,2.01,5115.691999
623,624,10.04,1.13,,,0.76,1.6,1083.272676
624,625,15.47,1.65,3.22,47.9,1.04,2.13,3089.846341
625,626,13.1,1.05,3.82,58.09,0.99,2.59,1875.160441
626,627,20.51,,2.96,,0.99,1.88,6319.437653
627,628,16.05,1.53,4.16,,0.69,2.42,3137.098361
628,629,17.06,1.63,2.5,52.98,,2.0,3918.258317
629,630,14.0,1.7,2.54,71.48,,1.98,879.1455867
630,631,14.78,1.42,2.75,28.33,1.22,,972.9470623
631,632,14.07,1.55,3.44,34.5,0.43,,1409.196533
632,633,12.57,0.95,3.08,49.94,,,2073.270839
633,634,17.69,1.79,2.38,71.46,1.08,1.91,1505.819671
634,635,8.75,0.73,3.96,,,,569.2381477
635,636,18.39,,3.08,30.24,1.41,1.72,2000.283352
636,637,11.44,,3.3,66.54,,1.88,879.5860991
637,638,18.14,1.86,2.8,65.18,0.91,2.15,2689.942752
638,639,,,2.04,56.08,1.88,2.09,4827.214872
639,640,,1.18,3.0,58.71,1.0,1.8,1653.324326
640,641,15.06,,3.42,78.96,0.77,,421.8353668
641,642,14.36,1.5,3.35,,,1.98,2545.07261
642,643,17.64,1.52,2.76,47.39,0.88,1.67,4128.84312
643,644,,,,9.46,2.03,1.91,181.6980445
644,645,15.17,,3.13,56.96,0.88,1.84,2640.717902
645,646,12.62,,,,1.01,2.02,2032.711824
646,647,18.86,,2.18,,1.56,,504.957481
647,648,17.63,1.64,2.64,65.55,1.72,2.34,2565.437471
648,649,13.45,1.25,,28.2,,2.05,801.5371357
649,650,14.02,1.16,3.43,,,2.32,457.8305006
650,651,13.88,,3.36,42.04,,2.14,2088.825692
651,652,8.63,0.75,3.71,,,2.06,1052.605777
652,653,11.67,,3.15,56.77,,2.14,1595.569014
653,654,15.05,1.41,2.84,46.75,1.08,1.81,2855.548494
654,655,11.2,,3.95,52.4,-0.13,1.64,1503.487194
655,656,13.55,1.11,4.17,45.58,0.19,2.14,2101.721419
656,657,9.9,1.09,3.74,,0.19,2.31,36.81330718
657,658,17.08,,3.62,44.51,0.77,2.24,3642.765883
658,659,19.09,,2.45,49.6,1.67,2.07,5515.466392
659,660,21.74,2.43,,19.05,,,941.1416443
660,661,14.88,1.33,3.05,81.48,0.41,,282.0995965
661,662,19.02,,,30.56,,2.12,2257.286932
662,663,7.98,0.42,4.11,50.13,0.47,,991.4798652
663,664,18.78,1.79,2.89,51.55,1.6,2.45,5199.93081
664,665,17.35,1.34,1.48,51.45,1.1,1.42,4043.841349
665,666,16.76,1.55,2.16,,1.42,1.48,795.3386937
666,667,18.65,2.02,2.92,,1.11,2.03,2849.638856
667,668,16.63,,2.83,39.39,,,2934.577446
668,669,9.98,,4.11,,0.17,2.5,703.2805988
669,670,15.44,,2.61,65.58,1.16,,1804.383919
670,671,8.81,0.57,3.4,52.81,,2.21,1121.053597
671,672,16.8,1.77,3.24,,1.17,,1381.933964
672,673,16.78,1.5,,59.16,0.82,,3045.528652
673,674,15.64,,3.53,30.61,0.86,,1325.003212
674,675,,1.61,3.08,37.76,1.37,2.11,3030.655711
675,676,18.61,1.93,2.74,,1.67,2.03,1955.331461
676,677,15.78,1.09,2.34,41.26,,,2667.57756
677,678,15.69,1.39,3.04,54.42,0.43,,2926.914549
678,679,14.84,1.46,3.18,20.53,1.55,2.24,404.4793749
679,680,13.76,1.27,3.34,,,2.11,417.038603
680,681,11.31,0.99,3.52,39.01,0.26,,1214.260306
681,682,11.3,1.01,3.31,,0.32,1.87,1093.176293
682,683,16.5,1.65,3.62,,0.63,2.04,3398.913258
683,684,15.8,1.62,2.4,,1.15,,2813.268159
684,685,10.27,0.83,3.83,82.07,0.75,2.62,135.439622
685,686,18.44,,3.03,55.3,1.1,2.04,4548.340898
686,687,10.63,0.9,2.66,41.15,,2.0,1283.986441
687,688,16.54,1.53,2.59,33.36,0.55,1.35,1856.934036
688,689,,1.39,3.33,47.48,1.46,2.4,3623.788155
689,690,17.86,1.8,,,1.3,1.91,4272.150645
690,691,16.93,1.79,3.46,35.32,1.6,2.47,2454.972196
691,692,11.21,0.75,4.49,,0.1,,1489.925185
692,693,15.33,1.27,,,,2.04,2102.009351
693,694,16.4,,2.91,27.17,,1.87,1080.264714
694,695,9.24,1.28,4.52,20.91,0.86,,180.9656452
695,696,22.5,2.56,,33.25,1.5,,4756.782918
696,697,20.42,2.02,1.52,,,,4934.098069
697,698,12.83,1.28,3.16,,0.4,,1259.609626
698,699,10.54,0.97,3.23,,0.33,1.69,1363.540281
699,700,15.33,1.12,2.56,38.38,1.1,1.73,2222.537458
700,701,15.51,1.11,3.09,,1.5,2.5,1768.565608
701,702,13.48,1.03,2.48,26.23,1.1,1.47,637.1935933
702,703,13.41,1.13,4.12,46.12,,2.5,2146.502216
703,704,,,3.7,67.69,0.91,2.62,1376.714964
704,705,19.73,1.85,2.5,41.01,,1.93,5001.827865
705,706,9.85,0.67,,46.08,1.06,1.87,1314.320565
706,707,16.99,1.96,2.86,21.86,0.88,,633.2486035
707,708,,1.06,2.53,3.03,,1.03,15.47356176
708,709,15.69,,3.21,45.22,1.46,2.5,3147.193012
709,710,17.12,1.49,2.36,,1.55,2.13,3864.080623
710,711,16.79,1.57,2.82,20.46,,1.83,517.0209308
711,712,24.65,2.34,1.33,46.77,2.23,1.78,12568.64413
712,713,20.15,1.94,3.05,44.65,1.31,2.39,5861.461184
713,714,16.16,1.77,3.23,41.04,1.13,2.21,2895.97414
714,715,10.96,1.19,3.03,,0.35,1.81,1038.323291
715,716,14.21,1.33,2.84,85.7,0.86,,138.4467572
716,717,16.48,1.52,,60.62,1.76,2.26,2922.820756
717,718,13.38,0.96,2.52,,1.24,,1457.243162
718,719,19.64,1.9,2.36,38.95,2.56,2.57,4806.867083
719,720,21.91,1.98,1.83,,1.71,,7632.834153
720,721,14.78,,,,,,460.1922336
721,722,18.31,1.74,1.51,25.29,1.87,1.52,1233.958231
722,723,12.98,0.99,2.27,41.88,0.48,1.39,1773.40786
723,724,12.38,,,42.53,0.37,1.42,1640.81971
724,725,10.4,1.13,4.13,61.84,,1.9,995.3459424
725,726,12.06,1.59,4.47,57.01,0.14,2.25,1604.738573
726,727,5.79,0.76,4.06,56.46,,1.9,635.2274416
727,728,11.42,0.66,3.62,43.47,0.58,2.22,1492.041377
728,729,,1.34,2.71,47.05,,1.57,2508.197103
729,730,16.93,1.38,3.09,66.21,1.4,2.37,2146.206216
730,731,16.41,,3.45,66.1,,2.32,1949.353997
731,732,10.66,,,62.84,0.5,2.03,1004.284169
732,733,12.78,1.4,3.2,66.97,0.39,1.8,1043.151258
733,734,17.89,1.79,1.92,40.03,,,3757.18768
734,735,13.08,1.31,,69.33,,2.63,930.6035163
735,736,16.86,,2.58,37.37,1.53,2.11,2723.947629
736,737,14.13,1.55,3.21,42.15,0.87,1.94,2206.5948
737,738,14.04,1.35,3.5,66.86,,2.13,1276.287562
738,739,11.87,1.3,,57.43,0.33,1.79,1547.76815
739,740,14.58,,3.1,36.59,,,1739.723208
740,741,12.24,0.75,2.24,86.8,0.96,1.74,86.33067385
741,742,15.97,1.66,2.89,43.48,,1.82,3013.289035
742,743,16.89,1.44,2.56,54.08,1.51,,3783.041918
743,744,9.92,0.87,3.77,63.4,0.55,2.14,884.3285448
744,745,17.56,,2.48,44.52,1.54,,4094.78335
745,746,,1.48,2.82,67.01,0.61,,1546.955653
746,747,16.36,1.5,2.41,,1.41,,2035.24501
747,748,12.04,,3.29,,,1.75,1562.800808
748,749,15.32,,2.95,,1.18,2.17,2577.297297
749,750,11.55,1.18,3.18,51.68,0.24,1.85,1650.452703
750,751,12.89,0.95,,70.55,0.78,2.03,791.0599209
751,752,12.96,0.97,3.85,,0.9,,376.9012593
752,753,12.01,0.91,2.45,69.54,0.79,1.78,765.4898682
753,754,23.22,1.94,2.17,,2.01,,3989.813126
754,755,16.82,1.18,,,1.76,1.93,1342.716554
755,756,17.7,,3.24,44.06,1.56,2.32,4134.852245
756,757,10.13,1.05,4.0,59.83,0.46,2.27,1099.803466
757,758,13.43,0.97,,58.95,,2.26,1948.989713
758,759,15.22,1.36,3.3,49.75,1.21,2.32,3022.746528
759,760,16.2,1.87,,,1.2,2.25,3250.859587
760,761,14.64,1.12,2.81,66.78,,2.19,1461.996368
761,762,12.81,1.43,3.34,,0.33,1.74,1950.978327
762,763,14.92,,3.04,55.51,0.81,1.92,2634.35545
763,764,16.69,1.55,3.57,,0.65,2.15,2614.977036
764,765,14.78,,3.61,,0.87,,2216.070736
765,766,15.81,1.21,3.18,46.15,1.48,2.38,3224.536895
766,767,12.11,,2.55,62.09,0.56,,1302.772634
767,768,12.65,1.55,2.77,27.03,1.1,1.74,625.4879
768,769,13.61,0.9,2.69,55.54,,2.17,2260.512088
769,770,12.99,1.09,4.61,54.67,0.26,,1940.539108
770,771,18.77,1.97,,,1.85,2.59,4747.826665
771,772,12.22,1.02,3.67,,0.43,1.97,1671.119687
772,773,15.32,1.51,3.95,50.51,,,2873.803986
773,774,12.31,1.29,2.95,,0.48,2.21,182.5827247
774,775,,,3.11,78.63,0.48,1.91,310.1048096
775,776,14.0,1.44,3.18,28.62,0.83,1.76,871.2105678
776,777,21.67,,,61.78,,2.34,5948.440128
777,778,12.08,1.11,,49.13,0.62,2.01,1834.182112
778,779,13.12,1.32,3.64,52.05,0.74,,2141.280021
779,780,13.67,1.27,,57.42,0.23,2.06,1985.924644
780,781,14.56,1.4,2.66,40.56,1.3,1.77,2259.287013
781,782,16.38,1.86,3.01,49.55,,1.99,3578.063124
782,783,14.36,1.42,,71.95,1.36,2.11,899.2347624
783,784,15.49,1.21,3.19,38.37,,,2255.936649
784,785,16.63,,2.9,55.67,1.53,2.28,3508.173332
785,786,23.31,2.27,2.72,17.93,2.04,,996.6134001
786,787,13.12,1.0,2.97,59.58,1.03,,1774.155302
787,788,12.87,1.1,3.3,,0.64,,2050.862756
788,789,12.87,,,,0.7,1.91,1126.61335
789,790,15.91,1.32,2.22,,,2.04,3484.565113
790,791,12.11,,3.69,,0.83,2.3,1846.068147
791,792,14.28,1.28,3.71,,0.89,,1912.928959
792,793,11.0,0.78,3.0,55.27,1.34,,1540.18872
793,794,16.28,1.38,2.52,61.78,,,2481.180222
794,795,12.53,0.92,2.94,38.53,,1.5,1434.423858
795,796,13.94,1.07,3.05,31.66,1.33,1.99,1167.493538
796,797,10.14,1.06,3.63,57.88,0.25,2.0,1174.83094
797,798,12.02,1.06,3.09,43.69,0.28,,1621.857161
798,799,7.71,0.67,2.89,,1.55,2.32,1032.497867
799,800,12.08,1.07,2.8,,,2.31,200.0631795
800,801,12.38,1.26,,46.17,0.89,1.88,1898.785234
801,802,14.02,0.95,4.01,,0.89,,749.5051435
802,803,17.67,1.91,2.63,39.81,1.08,,3404.719728
803,804,17.52,1.52,3.18,10.94,1.51,,131.786515
804,805,,1.57,2.69,,0.94,,2623.894296
805,806,13.49,1.28,2.93,63.71,0.8,1.85,1488.15838
806,807,11.58,1.11,3.25,,0.69,1.93,1683.695074
807,808,12.52,1.0,2.43,65.77,0.95,1.98,1129.82052
808,809,13.25,,3.71,66.2,1.14,2.65,1246.280433
809,810,15.04,1.48,2.22,61.11,,1.77,2209.802557
810,811,16.19,1.84,2.29,49.1,,1.86,3592.43766
811,812,16.82,1.69,2.8,66.65,1.17,1.98,2028.709213
812,813,17.39,1.6,2.55,56.43,,2.19,3957.762467
813,814,,,2.51,,0.18,1.64,1273.735181
814,815,11.34,1.0,3.43,58.03,0.57,2.15,1417.906718
815,816,19.55,2.13,3.08,35.49,,1.95,3578.753844
816,817,15.58,,2.53,29.43,1.35,,1221.039098
817,818,14.73,,3.03,67.42,0.9,1.98,1386.491327
818,819,12.47,0.93,3.54,48.82,0.9,,1964.548483
819,820,18.08,1.74,2.38,53.56,,2.09,4481.149974
820,821,16.32,,2.41,,,,3457.771358
821,822,12.62,0.87,,,1.0,1.48,137.1866863
822,823,10.03,0.63,3.29,37.74,0.38,1.7,942.3652433
823,824,18.66,,,53.35,1.77,1.71,5058.155603
824,825,7.27,0.7,3.41,54.56,-0.04,,831.6158193
825,826,,,2.55,,1.37,2.04,3283.096774
826,827,15.73,1.86,3.74,31.9,1.1,,1547.412398
827,828,12.38,0.78,4.09,31.4,0.72,2.07,866.8073955
828,829,,0.88,,51.24,0.81,1.97,2068.876855
829,830,18.48,1.78,2.85,46.89,1.45,2.45,4850.083875
830,831,14.74,,,36.86,,1.59,1849.893328
831,832,,1.17,,,0.79,2.27,1785.970797
832,833,13.58,0.87,2.95,52.16,1.13,2.2,2319.974657
833,834,11.76,1.08,4.18,61.21,,2.45,1297.605529
834,835,11.98,1.3,3.17,27.12,0.54,1.69,547.3130211
835,836,13.56,1.14,3.59,,0.48,1.93,2009.450069
836,837,,1.74,2.28,63.39,1.33,1.96,2472.473868
837,838,15.22,1.3,3.52,42.24,1.14,2.26,2614.571992
838,839,,,2.04,66.27,0.87,1.64,1457.830305
839,840,14.37,1.78,2.98,,0.97,1.87,2630.938995
840,841,15.4,1.36,2.86,46.29,1.01,,2960.352018
841,842,10.14,1.33,4.26,,,1.97,958.140151
842,843,11.09,0.94,3.16,,,1.96,623.7384181
843,844,18.37,,2.56,44.22,,2.34,4728.563021
844,845,14.71,1.47,2.39,26.33,0.66,,752.9381575
845,846,9.29,0.51,2.82,,0.3,1.6,763.3508789
846,847,11.85,1.24,3.26,24.76,0.08,1.38,400.3003704
847,848,,1.63,2.91,49.2,1.0,1.9,4848.47219
848,849,18.18,,3.27,45.48,1.24,2.25,4427.294837
849,850,18.72,,2.57,44.74,1.59,,4859.778766
850,851,,2.22,2.45,33.84,1.53,1.84,3962.921984
851,852,15.31,1.21,2.76,55.2,,1.97,2785.475979
852,853,11.98,,4.63,,0.76,2.87,1429.695935
853,854,,,2.12,,1.97,1.97,4196.893018
854,855,13.61,,2.75,55.04,0.76,1.74,2187.977203
855,856,13.67,1.14,,28.69,,,817.0853649
856,857,15.21,1.41,3.11,,0.78,1.81,1440.896413
857,858,16.1,1.18,2.16,,1.09,1.29,984.8282289
858,859,13.0,1.54,3.1,64.54,,1.71,1270.79939
859,860,18.32,1.74,3.1,57.18,,,4258.855882
860,861,14.96,0.77,2.25,34.65,,1.67,1653.691037
861,862,18.21,1.74,3.34,51.06,1.12,2.28,4641.893149
862,863,15.07,1.69,3.04,39.39,1.07,,2287.470387
863,864,17.75,1.54,,59.32,1.67,2.35,3694.376324
864,865,15.77,1.95,4.1,44.54,0.04,,2856.58501
865,866,14.19,1.19,2.69,,1.22,1.83,921.3967692
866,867,13.8,,3.15,46.08,,2.07,2383.252298
867,868,,,3.43,,1.04,2.11,2820.948029
868,869,12.54,1.25,3.59,58.03,0.47,,1681.595435
869,870,10.13,,3.49,,0.16,1.93,865.274178
870,871,,1.37,2.92,59.3,0.91,,2089.396476
871,872,,,3.63,,,2.05,2629.226816
872,873,16.62,1.53,2.31,31.41,1.1,1.54,1672.500696
873,874,17.85,,2.96,59.16,,1.74,3488.654583
874,875,18.73,2.01,2.88,,1.42,2.14,5029.047552
875,876,17.2,1.85,2.26,48.84,1.47,1.9,4131.95598
876,877,10.49,,3.77,52.31,0.46,2.37,1403.229919
877,878,13.53,1.51,2.31,67.51,0.8,,1148.659784
878,879,18.04,,2.47,,,,3953.126607
879,880,14.97,,2.87,,1.17,2.2,2728.432245
880,881,16.18,1.39,3.04,41.4,1.22,,2934.090489
881,882,15.07,1.22,3.39,56.7,0.38,,2504.126182
882,883,13.69,,3.51,69.53,0.6,2.04,972.9957386
883,884,10.15,,2.97,40.51,0.59,1.76,1114.45748
884,885,13.45,0.92,3.25,58.3,1.04,2.33,1954.785696
885,886,,1.34,3.81,37.13,1.36,2.43,2317.315601
886,887,14.88,1.57,3.3,63.31,0.95,2.03,1896.132878
887,888,11.12,0.63,3.09,58.97,0.52,1.85,1304.752863
888,889,13.5,,3.94,,,2.6,1552.865491
889,890,13.72,1.39,3.41,,,2.18,1911.658757
890,891,7.38,,2.54,42.24,0.38,,793.9068762
891,892,20.21,2.12,2.5,23.78,1.47,1.82,1334.070277
892,893,10.69,0.98,3.49,84.33,0.39,,99.83486495
893,894,15.75,1.28,2.82,70.68,0.95,2.04,1200.970398
894,895,17.96,1.45,2.87,49.41,,2.01,4388.297229
895,896,16.95,1.42,2.3,61.43,1.47,2.05,2931.474727
896,897,19.73,2.06,,49.91,1.59,2.11,6031.878091
897,898,11.91,1.5,2.27,47.38,,,1814.325935
898,899,15.53,1.69,2.64,,1.55,2.1,2021.05513
899,900,14.44,1.07,2.34,,0.98,1.97,1179.69975
900,901,13.37,1.54,3.04,52.23,0.86,1.72,2247.460706
901,902,10.5,,3.69,61.09,0.45,,1095.672507
902,903,18.9,,2.65,18.63,1.06,1.54,536.3979869
903,904,17.89,1.44,1.86,,1.75,,2593.317461
904,905,15.32,1.31,3.29,55.99,,2.42,2849.555535
905,906,13.48,0.96,2.93,55.3,,,2079.097093
906,907,17.17,,2.35,38.08,,1.97,2930.73659
907,908,20.86,,2.53,40.57,2.08,2.43,5953.509396
908,909,15.19,,3.11,57.97,1.15,2.16,2609.063195
909,910,14.95,1.19,2.69,75.73,0.58,,608.5049452
910,911,12.1,1.63,3.97,63.24,0.38,,1231.648572
911,912,18.24,1.46,2.85,44.53,1.39,2.06,4412.783711
912,913,19.86,1.92,,45.44,1.33,,5730.401418
913,914,19.54,1.78,3.23,37.4,,,3838.755438
914,915,18.37,,2.45,,1.4,2.06,4222.117262
915,916,12.89,,4.09,66.21,0.81,2.77,1158.146044
916,917,15.2,1.25,,,1.52,,2713.041014
917,918,12.23,0.87,3.02,,1.02,,1571.246492
918,919,17.88,1.72,3.2,49.61,,2.37,4471.658237
919,920,15.79,,3.01,63.24,0.48,2.07,2089.208282
920,921,12.38,0.91,2.63,33.48,1.17,1.73,1062.835861
921,922,18.98,2.28,2.69,46.4,1.11,1.67,5114.831505
922,923,13.76,,3.46,52.36,0.5,,2302.666403
923,924,23.55,2.11,1.28,,2.18,1.24,585.5575108
924,925,,1.36,2.64,,,1.95,2250.595712
925,926,16.43,,2.62,,1.13,1.72,2237.994441
926,927,15.86,1.08,2.74,,,2.15,3365.008352
927,928,12.98,,3.25,,,1.98,1686.087807
928,929,17.21,1.53,2.79,20.12,1.52,,536.3312909
929,930,15.34,1.12,2.11,50.65,1.17,,3042.027066
930,931,17.57,1.49,2.3,,1.46,1.98,4038.091299
931,932,10.74,0.54,3.33,62.94,,1.89,995.2862778
932,933,18.79,,3.57,,0.93,2.3,3113.096098
933,934,12.83,0.99,3.67,17.2,0.61,2.01,174.1636823
934,935,15.35,1.54,3.07,26.63,,,908.441964
935,936,14.88,1.64,3.47,51.29,0.38,,2725.627772
936,937,14.69,1.29,2.39,,1.04,1.93,1883.85096
937,938,7.77,,2.8,40.24,0.37,1.43,768.4888126
938,939,15.87,1.92,3.2,,0.58,1.64,1642.147875
939,940,18.75,1.64,1.45,58.05,1.37,,4400.552244
940,941,15.63,1.54,2.85,40.83,0.84,,2587.320835
941,942,18.06,,2.6,56.29,1.64,,4361.597078
942,943,12.05,0.86,3.21,42.36,0.5,1.77,1576.647972
943,944,14.44,,2.81,65.32,,1.93,1583.322847
944,945,16.69,1.62,3.44,,1.48,2.52,2482.954015
945,946,15.8,1.0,3.29,42.13,,,2668.11441
946,947,16.84,1.63,3.16,60.43,1.6,2.6,3079.128701
947,948,13.46,,3.04,,0.1,1.53,1975.398611
948,949,,,3.02,,1.26,1.79,441.3944238
949,950,12.2,1.07,3.36,28.87,0.82,1.69,681.7715215
950,951,10.5,0.94,3.11,54.54,,1.82,1375.952266
951,952,,1.82,2.5,43.35,1.66,1.87,4688.543288
952,953,16.88,,2.45,65.82,,1.5,2107.131598
953,954,,1.4,2.8,18.98,,,352.6590755
954,955,13.01,1.28,2.38,50.41,0.48,,2088.65047
955,956,17.92,,2.3,57.84,1.33,1.92,3931.429401
956,957,15.97,,2.63,,1.41,2.09,3341.46207
957,958,13.32,1.16,2.45,57.86,1.05,,1966.128608
958,959,18.1,2.26,,56.09,1.02,2.15,4238.076628
959,960,,1.39,2.77,59.83,,2.32,2794.051735
960,961,18.0,,1.71,28.46,1.74,,1633.18461
961,962,17.86,1.94,2.5,26.22,,0.93,1152.333122
962,963,11.6,0.55,2.18,53.54,,1.5,1638.342799
963,964,17.98,1.45,2.94,25.17,0.9,1.86,1074.790902
964,965,16.61,,1.83,60.13,1.54,1.86,2974.180021
965,966,19.06,2.25,3.2,55.53,1.57,2.39,5132.133582
966,967,12.83,,3.15,,1.09,2.09,841.7096278
967,968,18.96,1.76,2.17,29.28,1.58,,2009.483936
968,969,11.71,0.63,4.01,44.03,0.04,1.84,1520.192211
969,970,11.91,1.69,3.83,,0.38,,650.1988476
970,971,17.44,,3.44,,1.33,2.38,3742.09038
971,972,10.95,0.8,,47.06,,1.93,1466.627778
972,973,12.94,0.97,2.88,38.29,1.25,1.94,1581.271103
973,974,15.72,1.33,2.51,,1.42,,1982.058606
974,975,14.02,,3.01,62.59,1.04,,1757.675482
975,976,14.49,,3.0,22.54,1.08,1.99,484.5175293
976,977,11.8,1.07,,35.35,0.35,1.76,1059.672113
977,978,19.29,,2.82,,1.23,1.97,4609.512101
978,979,7.22,0.35,3.6,63.09,,,579.6243701
979,980,15.7,1.1,3.41,,0.14,1.93,2907.919597
980,981,14.48,1.34,3.56,47.44,0.67,2.11,2576.102155
981,982,,1.0,3.64,55.19,,2.16,1248.129938
982,983,18.8,1.8,3.23,,1.66,2.54,1401.211709
983,984,18.07,,2.89,28.67,1.52,,1640.769905
984,985,15.68,1.68,3.77,57.85,0.72,2.35,2733.704192
985,986,15.28,1.25,2.29,,1.28,,1798.975721
986,987,10.88,1.2,4.09,55.09,0.81,,1482.876885
987,988,16.14,,3.16,38.03,0.97,,2460.098447
988,989,16.12,1.41,2.42,,1.48,1.84,2219.56275
989,990,13.52,1.35,3.45,31.57,1.51,2.22,1113.605137
990,991,6.55,0.12,4.13,,0.28,2.1,714.453061
991,992,20.37,,2.37,37.76,1.4,,4612.097972
992,993,12.92,,,71.4,0.11,1.91,705.6635532
993,994,,,2.88,51.45,,2.28,4165.407602
994,995,11.95,,2.97,67.18,0.8,2.06,931.610877
995,996,17.99,2.29,3.38,44.32,0.98,2.08,4211.527806
996,997,12.12,,3.52,57.07,-0.04,1.73,1560.333735
997,998,15.55,1.5,2.48,58.25,1.89,2.35,2858.180459
998,999,20.89,2.02,3.23,46.17,1.71,,6934.576348
999,1000,15.74,1.31,2.37,73.08,1.24,2.06,963.6757931
